{
  "tokens": [
    {
      "code": "MASS-UNLIMITED-ACCESS",
      "type": "unlimited",
      "issuedDate": "2025-01-01T00:00:00.000Z",
      "expirationDate": null,
      "notes": "Master cheat token - never expires"
    },
    {
      "code": "MASS-WSC-8QY",
      "type": "trial",
      "issuedDate": "2025-11-21T10:58:07.021Z",
      "expirationDate": "2025-11-21T13:58:07.021Z",
      "notes": "3-hour test token (expires 1:58 PM UTC)"
    },
    {
      "code": "MASS-TRIAL-7DAY",
      "type": "trial",
      "issuedDate": "2025-11-21T00:00:00.000Z",
      "expirationDate": "2025-11-28T00:00:00.000Z",
      "notes": "Valid 7-day trial token (expires Nov 28)"
    },
    {
      "code": "MASS-TRIAL-30DAY",
      "type": "trial",
      "issuedDate": "2025-11-21T00:00:00.000Z",
      "expirationDate": "2025-12-21T00:00:00.000Z",
      "notes": "Valid 30-day trial token (expires Dec 21)"
    },
    {
      "code": "MASS-EXPIRED-TOKEN",
      "type": "trial",
      "issuedDate": "2025-11-01T00:00:00.000Z",
      "expirationDate": "2025-11-10T00:00:00.000Z",
      "notes": "EXPIRED token (expired Nov 10) - should be REJECTED"
    },
    {
      "code": "MASS-DEMO-1HOUR",
      "type": "trial",
      "issuedDate": "2025-11-21T14:00:00.000Z",
      "expirationDate": "2025-11-21T15:00:00.000Z",
      "notes": "1-hour demo token (expires at 3pm today) - for quick expiration testing"
    },
    {
      "code": "MASS-CUSTOMER-ABC",
      "type": "trial",
      "issuedDate": "2025-11-21T00:00:00.000Z",
      "expirationDate": "2026-11-21T00:00:00.000Z",
      "notes": "Customer ABC - 1 year trial (expires Nov 21, 2026)"
    }
  ]
}
