[
  {
    "id": "41a9b01a-1a8f-43fb-91f7-5932561d0333",
    "userId": "4",
    "name": "The Weird and Wonderful",
    "tracks": [
      {
        "trackRecordId": "4738",
        "name": "Dock of the Bay",
        "albumTitle": "",
        "albumArtist": "The Thunderbolts",
        "trackArtist": "The Thunderbolts",
        "catalogue": "",
        "addedAt": "2025-10-30T18:05:09.961Z",
        "mp3": "https://digitalcupboard.app/Streaming_SSL/Additional_1/3B1976409A3BDEFDBEBA6C982AE59A92C4C87A38693779CD0BC3C3EC93EFC76C.mp3?RCType=RCFileProcessor",
        "audioField": "mp3",
        "artwork": "https://digitalcupboard.app/Streaming_SSL/Additional_1/A9EAA9AF8D1B4AF4302F6C94705008CF3E8A03C04B83252DC6049AD444686B52.jpg?RCType=RCFileProcessor",
        "artworkField": "Artwork::Picture"
      },
      {
        "trackRecordId": "4095",
        "name": "Opgehok",
        "albumTitle": "",
        "albumArtist": "Sonja Herholdt",
        "trackArtist": "Sonja Herholdt",
        "catalogue": "",
        "addedAt": "2025-10-30T18:05:09.961Z",
        "mp3": "https://digitalcupboard.app/Streaming_SSL/Additional_1/CD7239D583ED32CC808A2F8AB695177DCF92F979FF32E13DFA26366C0033EBA1.mp3?RCType=RCFileProcessor",
        "audioField": "mp3",
        "artwork": "https://digitalcupboard.app/Streaming_SSL/Additional_1/F04078245E96183F1FDDDFDF501C472688DB8AD522EA9ADBBA88C8CA45BE994F.jpg?RCType=RCFileProcessor",
        "artworkField": "Artwork::Picture"
      },
      {
        "trackRecordId": "5964",
        "name": "Chattanooga Choo Choo",
        "albumTitle": "",
        "albumArtist": "Dana Valery With The Dan Hill Combo",
        "trackArtist": "Dana Valery With The Dan Hill Combo",
        "catalogue": "",
        "addedAt": "2025-10-30T18:05:09.961Z",
        "mp3": "https://digitalcupboard.app/Streaming_SSL/Additional_1/ECBA53F66944F1B17D1B90E606EDC7B84578C1B6348B0929305BB1910AE4CCE8.mp3?RCType=RCFileProcessor",
        "audioField": "mp3",
        "artwork": "https://digitalcupboard.app/Streaming_SSL/Additional_1/1A90025A0323BDB0D06A27F94D526CE0A4FDBDA4C2D323F6C69574A4FB88410D.png?RCType=RCFileProcessor",
        "artworkField": "Artwork::Picture"
      },
      {
        "trackRecordId": "6073",
        "name": "Masasani",
        "albumTitle": "",
        "albumArtist": "Elias Maluleke and Mavambe Girls",
        "trackArtist": "Elias Maluleke and Mavambe Girls",
        "catalogue": "",
        "addedAt": "2025-10-30T18:05:09.961Z",
        "mp3": "https://digitalcupboard.app/Streaming_SSL/Additional_1/3FCB05A0C1D9565D1D645711058DA3D1FF24D6CDC927F1434077A6E3813495A8.mp3?RCType=RCFileProcessor",
        "audioField": "mp3",
        "artwork": "https://digitalcupboard.app/Streaming_SSL/Additional_1/AB433C3B694A98503C16E27BA49C9D3C4CA5443B9D4E6FE299784596BE6C0A75.jpg?RCType=RCFileProcessor",
        "artworkField": "Artwork::Picture"
      },
      {
        "trackRecordId": "1557",
        "name": "Ayabaleka Amagwala",
        "albumTitle": "",
        "albumArtist": "Uvemvame",
        "trackArtist": "Uvemvame",
        "catalogue": "",
        "addedAt": "2025-10-30T18:05:09.961Z",
        "mp3": "https://digitalcupboard.app/Streaming_SSL/Additional_1/992A455937753245B0361E35FFB1EB7C649EAA2E50E137EC05D0AA094CA6BED1.mp3?RCType=RCFileProcessor",
        "audioField": "mp3",
        "artwork": "https://digitalcupboard.app/Streaming_SSL/Additional_1/D99C4C8A0C4A29B8BE98C7FE683A59D61877E5544B97FAFCADC6F41F9C512461.jpg?RCType=RCFileProcessor",
        "artworkField": "Artwork::Picture"
      },
      {
        "trackRecordId": "1959",
        "name": "Come Back Sophie",
        "albumTitle": "",
        "albumArtist": "Shamaday",
        "trackArtist": "Shamaday",
        "catalogue": "",
        "addedAt": "2025-10-30T18:05:09.961Z",
        "mp3": "https://digitalcupboard.app/Streaming_SSL/Additional_1/3692DA4243ACC9B2607DEA8C37C8EBA0C8022929219C8FE29112EA27FAFB42A2.mp3?RCType=RCFileProcessor",
        "audioField": "mp3"
      },
      {
        "trackRecordId": "7781",
        "name": "Ishitshi",
        "albumTitle": "",
        "albumArtist": "Moses Mchunu",
        "trackArtist": "Moses Mchunu",
        "catalogue": "",
        "addedAt": "2025-10-30T18:05:09.961Z",
        "mp3": "https://digitalcupboard.app/Streaming_SSL/Additional_1/209676EB36D58F8B2D276DE3442D80772C08E9CCE3A5763F46F3E7127B2AE7CE.mp3?RCType=RCFileProcessor",
        "audioField": "mp3",
        "artwork": "https://digitalcupboard.app/Streaming_SSL/Additional_1/7F3C7AC1F0FA533EDDE9C6B81A8DA56F0866B694C4566FF3BDE812F7A866A858.jpg?RCType=RCFileProcessor",
        "artworkField": "Artwork::Picture"
      },
      {
        "trackRecordId": "5977",
        "name": "Dance Sing",
        "albumTitle": "",
        "albumArtist": "Harari",
        "trackArtist": "Harari",
        "catalogue": "",
        "addedAt": "2025-10-30T18:05:09.961Z",
        "mp3": "https://digitalcupboard.app/Streaming_SSL/Additional_1/A1E7BC44027A5491C6F29547007AF04B71706D256CD5490AD0AAC2F163F1AACC.mp3?RCType=RCFileProcessor",
        "audioField": "mp3",
        "artwork": "https://digitalcupboard.app/Streaming_SSL/Additional_1/460933FAA9B45F1DF50A9D25D66F10F6D37354A10A403B3076ACC47D91913037.jpg?RCType=RCFileProcessor",
        "artworkField": "Artwork::Picture"
      },
      {
        "id": "b174a911-a28c-4c28-a192-db15e3e6d38c",
        "trackRecordId": "3983",
        "name": "The Horse",
        "albumTitle": "The Art Of Soul",
        "albumArtist": "Art Mason Jnr",
        "catalogue": "RPM 1002",
        "trackArtist": "Art Mason Jnr",
        "mp3": "https://digitalcupboard.app/Streaming_SSL/Additional_1/6BB1D3B133D5B6D356F8B8E383F6DE122BEC7AE80287DC37230213B1D2E4362F.mp3?RCType=RCFileProcessor",
        "resolvedSrc": "/api/container?u=https%3A%2F%2Fdigitalcupboard.app%2FStreaming_SSL%2FAdditional_1%2F6BB1D3B133D5B6D356F8B8E383F6DE122BEC7AE80287DC37230213B1D2E4362F.mp3%3FRCType%3DRCFileProcessor",
        "seq": 1,
        "artwork": "https://digitalcupboard.app/Streaming_SSL/Additional_1/DC731BFFE5E64C78C8477CAE1956AEC5C738D34E63FFAEC0660162E0C6662833.jpg?RCType=RCFileProcessor",
        "audioField": "mp3",
        "artworkField": "Artwork::Picture",
        "addedAt": "2025-10-31T09:34:55.451Z"
      },
      {
        "id": "839f7764-033e-48a2-b838-8801311258dd",
        "trackRecordId": "4226",
        "name": "Engakubon Eqoli",
        "albumTitle": "",
        "albumArtist": "Izakhamuzi",
        "catalogue": "",
        "trackArtist": "Izakhamuzi",
        "mp3": "https://digitalcupboard.app/Streaming_SSL/Additional_1/3AB5DB92DCC5ACC93A3867F3013EB74E37EEA63D68D854459FE2B7585D2FB94E.mp3?RCType=RCFileProcessor",
        "resolvedSrc": "/api/container?u=https%3A%2F%2Fdigitalcupboard.app%2FStreaming_SSL%2FAdditional_1%2F3AB5DB92DCC5ACC93A3867F3013EB74E37EEA63D68D854459FE2B7585D2FB94E.mp3%3FRCType%3DRCFileProcessor",
        "seq": 0,
        "artwork": "https://digitalcupboard.app/Streaming_SSL/Additional_1/986D7C7B237DAF859FE84C57C725CBB0AD2BC2E4088C4ABA4C096C4C06770204.jpg?RCType=RCFileProcessor",
        "audioField": "mp3",
        "artworkField": "Artwork::Picture",
        "addedAt": "2025-10-31T12:38:59.387Z"
      },
      {
        "id": "82a0e1f1-7ed3-4428-ab0e-7cf2cbeceee5",
        "trackRecordId": "5855",
        "name": "Joalane",
        "albumTitle": "",
        "albumArtist": "Libata Tse Masene",
        "catalogue": "",
        "trackArtist": "Libata Tse Masene",
        "mp3": "https://digitalcupboard.app/Streaming_SSL/Additional_1/30547115205999C698DD4342D45479518898AB5FED22106691DD577BEB3C653F.mp3?RCType=RCFileProcessor",
        "resolvedSrc": "/api/container?u=https%3A%2F%2Fdigitalcupboard.app%2FStreaming_SSL%2FAdditional_1%2F30547115205999C698DD4342D45479518898AB5FED22106691DD577BEB3C653F.mp3%3FRCType%3DRCFileProcessor",
        "seq": 0,
        "artwork": "",
        "audioField": "mp3",
        "artworkField": "",
        "addedAt": "2025-10-31T13:01:04.057Z"
      },
      {
        "id": "880ac0b0-4ec8-4e02-8974-e9735aa951f0",
        "trackRecordId": "8138",
        "name": "Bazooka",
        "albumTitle": "",
        "albumArtist": "Comrades",
        "catalogue": "",
        "trackArtist": "Comrades",
        "mp3": "https://digitalcupboard.app/Streaming_SSL/Additional_1/1B455003540D8091953CD040489A06378C8F8617F2B6A5407F993C7FB60A3AED.mp3?RCType=RCFileProcessor",
        "resolvedSrc": "/api/container?u=https%3A%2F%2Fdigitalcupboard.app%2FStreaming_SSL%2FAdditional_1%2F1B455003540D8091953CD040489A06378C8F8617F2B6A5407F993C7FB60A3AED.mp3%3FRCType%3DRCFileProcessor",
        "seq": null,
        "artwork": "",
        "audioField": "mp3",
        "artworkField": "",
        "addedAt": "2025-11-02T09:53:29.046Z"
      },
      {
        "id": "76aa3468-5b23-4324-b1df-41b6c1048ed4",
        "trackRecordId": "11612",
        "name": "Ouma Se Polka",
        "albumTitle": "",
        "albumArtist": "Oom Gertjie Claasen",
        "catalogue": "LSJ 227",
        "trackArtist": "Oom Gertjie Claasen",
        "mp3": "https://digitalcupboard.app/Streaming_SSL/Additional_1/5AD676DA57B2ABB8D9179CA3C31325D630A6D6BAE0C6DC6D1B1BA03A3EDC189C.wav?RCType=RCFileProcessor",
        "resolvedSrc": "/api/container?u=https%3A%2F%2Fdigitalcupboard.app%2FStreaming_SSL%2FAdditional_1%2F5AD676DA57B2ABB8D9179CA3C31325D630A6D6BAE0C6DC6D1B1BA03A3EDC189C.wav%3FRCType%3DRCFileProcessor",
        "seq": null,
        "artwork": "https://digitalcupboard.app/Streaming_SSL/Additional_1/7E562BEB113BFF003AF0A5BA47EA2BFEA5A7788F936CE91DCA764002720C74C0.jpg?RCType=RCFileProcessor",
        "audioField": "Audio File",
        "artworkField": "Artwork::Picture",
        "addedAt": "2025-11-20T17:51:01.156Z"
      },
      {
        "id": "bc7b5d1c-c34a-4871-94be-da495552e9e1",
        "trackRecordId": "13495",
        "name": "Gandlanani",
        "albumTitle": "",
        "albumArtist": "Mistress",
        "catalogue": "CCTIG 530",
        "trackArtist": "Mistress",
        "mp3": "https://digitalcupboard.app/Streaming_SSL/Additional_1/3065FC2C596F2414D33B766F825B41488C987DAC28966A2C546BC029322807B6.mp3?RCType=RCFileProcessor",
        "resolvedSrc": "/api/container?u=https%3A%2F%2Fdigitalcupboard.app%2FStreaming_SSL%2FAdditional_1%2F3065FC2C596F2414D33B766F825B41488C987DAC28966A2C546BC029322807B6.mp3%3FRCType%3DRCFileProcessor",
        "seq": null,
        "artwork": "https://digitalcupboard.app/Streaming_SSL/Additional_1/23D638CA205141C020D57943905CDDB46842ECAA9319249EC47ECC192C97557A.jpg?RCType=RCFileProcessor",
        "audioField": "mp3",
        "artworkField": "Artwork::Picture",
        "addedAt": "2025-11-27T16:47:23.905Z"
      },
      {
        "id": "b9d689a2-62a8-4f1c-af94-43eabb0e8e6f",
        "trackRecordId": "13427",
        "name": "Dula Fatse",
        "albumTitle": "",
        "albumArtist": "Bakgwenyane Ba Sekoting",
        "catalogue": "BL 542",
        "trackArtist": "Bakgwenyane Ba Sekoting",
        "mp3": "https://digitalcupboard.app/Streaming_SSL/Additional_1/FBF6999044B14B805011DBD3C247AC382BDC95DE92991FA7E33874A1C2E1322D.mp3?RCType=RCFileProcessor",
        "resolvedSrc": "/api/container?u=https%3A%2F%2Fdigitalcupboard.app%2FStreaming_SSL%2FAdditional_1%2FFBF6999044B14B805011DBD3C247AC382BDC95DE92991FA7E33874A1C2E1322D.mp3%3FRCType%3DRCFileProcessor",
        "seq": null,
        "artwork": "https://digitalcupboard.app/Streaming_SSL/Additional_1/B47C36801F1FE200213586B6B0BD12451D9613B561A192D98E9B7C94C8F95F79.jpg?RCType=RCFileProcessor",
        "audioField": "mp3",
        "artworkField": "Artwork::Picture",
        "addedAt": "2025-11-27T16:52:47.979Z"
      },
      {
        "id": "fe02be8b-898d-491c-bd15-5b21546fc69c",
        "trackRecordId": "13722",
        "name": "Baza Baza St.",
        "albumTitle": "",
        "albumArtist": "Steven Mofokeng",
        "catalogue": "TEL 2083",
        "trackArtist": "Steven Mofokeng",
        "mp3": "https://digitalcupboard.app/Streaming_SSL/Additional_1/80B5D3480948E8708BD81CCF377C378FF61CA3CCB7DA844275175B51C23E21F2.mp3?RCType=RCFileProcessor",
        "resolvedSrc": "/api/container?u=https%3A%2F%2Fdigitalcupboard.app%2FStreaming_SSL%2FAdditional_1%2F80B5D3480948E8708BD81CCF377C378FF61CA3CCB7DA844275175B51C23E21F2.mp3%3FRCType%3DRCFileProcessor",
        "seq": null,
        "artwork": "https://digitalcupboard.app/Streaming_SSL/Additional_1/CF421B8B0C79775F4171AF76CE79352ADE8C278515787F3007B79775186BC5D2.jpg?RCType=RCFileProcessor",
        "audioField": "mp3",
        "artworkField": "Artwork::Picture",
        "addedAt": "2025-11-27T16:58:52.539Z"
      },
      {
        "id": "e63603ee-9ede-4274-981d-b1411276a154",
        "trackRecordId": "9764",
        "name": "I'll Never Find Another You",
        "albumTitle": "",
        "albumArtist": "Colyn And Doreen",
        "catalogue": "RMG 1224",
        "trackArtist": "Colyn and Doreen",
        "mp3": "https://digitalcupboard.app/Streaming_SSL/Additional_1/AE6206BB6DA12BB118769329558E765A5286A7DB3E22D5758FAF0EF51A86BAAD.mp3?RCType=RCFileProcessor",
        "resolvedSrc": "/api/container?u=https%3A%2F%2Fdigitalcupboard.app%2FStreaming_SSL%2FAdditional_1%2FAE6206BB6DA12BB118769329558E765A5286A7DB3E22D5758FAF0EF51A86BAAD.mp3%3FRCType%3DRCFileProcessor",
        "seq": null,
        "artwork": "https://digitalcupboard.app/Streaming_SSL/Additional_1/FFCE4A37DA1C20E2F6F21F2AD737F5AAB6FCD055B96FD3377822D11FD480AE62.png?RCType=RCFileProcessor",
        "audioField": "mp3",
        "artworkField": "Artwork::Picture",
        "addedAt": "2025-11-27T16:59:49.928Z"
      },
      {
        "id": "7adb0826-8e2b-4c10-980b-c4cb19ca63ae",
        "trackRecordId": "3846",
        "name": "Mandolien",
        "albumTitle": "",
        "albumArtist": "Herbie And Spence",
        "catalogue": "CAH 6019",
        "trackArtist": "Herbie En Spence",
        "mp3": "https://digitalcupboard.app/Streaming_SSL/Additional_1/5E140D889DC09B7CEE85E0799BA5F511BDD951B2E2C13B505FFA6FDE41A88233.mp3?RCType=RCFileProcessor",
        "resolvedSrc": "/api/container?u=https%3A%2F%2Fdigitalcupboard.app%2FStreaming_SSL%2FAdditional_1%2F5E140D889DC09B7CEE85E0799BA5F511BDD951B2E2C13B505FFA6FDE41A88233.mp3%3FRCType%3DRCFileProcessor",
        "seq": null,
        "artwork": "https://digitalcupboard.app/Streaming_SSL/Additional_1/6F1E6BDBC4C854CDAB5E14E55675C8513DAEFBDB84C39AB815C01D29658F7411.jpg?RCType=RCFileProcessor",
        "audioField": "mp3",
        "artworkField": "Artwork::Picture",
        "addedAt": "2025-11-27T17:23:52.517Z"
      },
      {
        "id": "a8b47977-33f6-4624-9748-5d4d72ec2950",
        "trackRecordId": "3984",
        "name": "Party People",
        "albumTitle": "",
        "albumArtist": "Art Mason Jnr",
        "catalogue": "RPM 1002",
        "trackArtist": "Art Mason Jnr",
        "mp3": "https://digitalcupboard.app/Streaming_SSL/Additional_1/2CA2BA3132888EF8B1302075EF9EB0C1E0F83197D449A119E6B03E3C46E97607.mp3?RCType=RCFileProcessor",
        "resolvedSrc": "/api/container?u=https%3A%2F%2Fdigitalcupboard.app%2FStreaming_SSL%2FAdditional_1%2F2CA2BA3132888EF8B1302075EF9EB0C1E0F83197D449A119E6B03E3C46E97607.mp3%3FRCType%3DRCFileProcessor",
        "seq": null,
        "artwork": "https://digitalcupboard.app/Streaming_SSL/Additional_1/593A907FD30178D819F9B12F74C2062672CB27209FBAEDB4B0828DA90832D0A5.jpg?RCType=RCFileProcessor",
        "audioField": "mp3",
        "artworkField": "Artwork::Picture",
        "addedAt": "2025-11-27T17:28:53.770Z"
      },
      {
        "id": "01736cdd-4882-46a2-9d82-215f0660a3d4",
        "trackRecordId": "6459",
        "name": "He's My Man",
        "albumTitle": "",
        "albumArtist": "Linda 'Babe' Majika",
        "catalogue": "UMKH 457",
        "trackArtist": "Linda 'Babe' Majika",
        "mp3": "https://digitalcupboard.app/Streaming_SSL/Additional_1/EB0C777879F4A369F7808F96104D932422C1243F9FF6B020644A9B7E26644035.mp3?RCType=RCFileProcessor",
        "resolvedSrc": "/api/container?u=https%3A%2F%2Fdigitalcupboard.app%2FStreaming_SSL%2FAdditional_1%2FEB0C777879F4A369F7808F96104D932422C1243F9FF6B020644A9B7E26644035.mp3%3FRCType%3DRCFileProcessor",
        "seq": null,
        "artwork": "https://digitalcupboard.app/Streaming_SSL/Additional_1/69DE60D8BB52D34F21B3C18C76E7276D1DF60FF997B073C7B672D63BB3380063.jpg?RCType=RCFileProcessor",
        "audioField": "mp3",
        "artworkField": "Artwork::Picture",
        "addedAt": "2025-11-27T17:38:06.039Z"
      },
      {
        "id": "76c332be-dbe4-41cd-9f72-775c13f2befe",
        "trackRecordId": "4768",
        "name": "Cavalcade of Jazz",
        "albumTitle": "",
        "albumArtist": "Grey High School Brass Band",
        "catalogue": "RPM 1009",
        "trackArtist": "Grey High School Brass Band",
        "mp3": "https://digitalcupboard.app/Streaming_SSL/Additional_1/CC674B92C183F6D2E66B9D02F5E943EBF0A8C957F5CE67B255FC3286965A1F7A.mp3?RCType=RCFileProcessor",
        "resolvedSrc": "/api/container?u=https%3A%2F%2Fdigitalcupboard.app%2FStreaming_SSL%2FAdditional_1%2FCC674B92C183F6D2E66B9D02F5E943EBF0A8C957F5CE67B255FC3286965A1F7A.mp3%3FRCType%3DRCFileProcessor",
        "seq": null,
        "artwork": "https://digitalcupboard.app/Streaming_SSL/Additional_1/5E80ED4D6BD02F34E282A4B3433D8142CFDE0C37087A134C4322B46141FF4503.jpg?RCType=RCFileProcessor",
        "audioField": "mp3",
        "artworkField": "Artwork::Picture",
        "addedAt": "2025-11-27T17:42:01.481Z"
      },
      {
        "id": "97410ec8-62d4-41d3-ba88-d91c84a74ac9",
        "trackRecordId": "8369",
        "name": "I'm Sorry About That",
        "albumTitle": "",
        "albumArtist": "The All Rounders",
        "catalogue": "RPM 7003",
        "trackArtist": "The All Rounders",
        "mp3": "https://digitalcupboard.app/Streaming_SSL/Additional_1/9973AAAB174C79D2C5AE93872528E1FAE398CC5756E3089EAAC276AADF9B9B35.mp3?RCType=RCFileProcessor",
        "resolvedSrc": "/api/container?u=https%3A%2F%2Fdigitalcupboard.app%2FStreaming_SSL%2FAdditional_1%2F9973AAAB174C79D2C5AE93872528E1FAE398CC5756E3089EAAC276AADF9B9B35.mp3%3FRCType%3DRCFileProcessor",
        "seq": null,
        "artwork": "https://digitalcupboard.app/Streaming_SSL/Additional_1/87E6572573A6497ABEDB160FBBED8B59BB014A0DFE72E58FB110B68F8F0DE6FA.jpg?RCType=RCFileProcessor",
        "audioField": "mp3",
        "artworkField": "Artwork::Picture",
        "addedAt": "2025-11-27T17:44:42.935Z"
      },
      {
        "id": "6aeb8fe7-2c30-4abc-91c2-b595f4c45c07",
        "trackRecordId": "11497",
        "name": "The Leopard",
        "albumTitle": "",
        "albumArtist": "Nyanga",
        "catalogue": "HEDL 5598",
        "trackArtist": "Nyanga",
        "mp3": "https://digitalcupboard.app/Streaming_SSL/Additional_1/6DAA7A04FF24D9E6881C47CEBC8963F14E5A661FDBCD8C49FBF01EFC6A9EE387.mp3?RCType=RCFileProcessor",
        "resolvedSrc": "/api/container?u=https%3A%2F%2Fdigitalcupboard.app%2FStreaming_SSL%2FAdditional_1%2F6DAA7A04FF24D9E6881C47CEBC8963F14E5A661FDBCD8C49FBF01EFC6A9EE387.mp3%3FRCType%3DRCFileProcessor",
        "seq": null,
        "artwork": "https://digitalcupboard.app/Streaming_SSL/Additional_1/3D8DDD229E734BF0253B13C080E1227A8180F25049986371A251FFB662AFBD29.jpg?RCType=RCFileProcessor",
        "audioField": "mp3",
        "artworkField": "Artwork::Picture",
        "addedAt": "2025-11-28T09:56:07.003Z"
      }
    ],
    "createdAt": "2025-10-30T18:05:09.961Z",
    "updatedAt": "2025-11-28T09:56:07.003Z",
    "shareId": "8baf254cad054e3cb0bc27930997f643",
    "sharedAt": "2025-11-20T17:51:22.192Z"
  },
  {
    "id": "bc3a96db-1dc0-477a-a00e-e5d35b093243",
    "userId": "4",
    "name": "IanOPlayo",
    "tracks": [
      {
        "trackRecordId": "2592",
        "name": "Diterateng",
        "albumTitle": "",
        "albumArtist": "Dikgarebe",
        "trackArtist": "Dikgarebe",
        "catalogue": "",
        "addedAt": "2025-10-30T18:08:13.410Z",
        "mp3": "https://digitalcupboard.app/Streaming_SSL/Additional_1/566D5CD59D78B6A9A31F9A46C64DF24DADD6CD24A785368B0A569EBC75D1BA12.mp3?RCType=RCFileProcessor",
        "audioField": "mp3",
        "artwork": "https://digitalcupboard.app/Streaming_SSL/Additional_1/82F747F24921D3D109B8CB276FEA5D96D3B146B6D939E5B824F9FF18B78A29CC.jpg?RCType=RCFileProcessor",
        "artworkField": "Artwork::Picture"
      },
      {
        "trackRecordId": "4031",
        "name": "Maliyamina",
        "albumTitle": "",
        "albumArtist": "Norman Mathebula and Machingha Sisters",
        "trackArtist": "Norman Mathebula and Machingha Sisters",
        "catalogue": "",
        "addedAt": "2025-10-30T18:08:13.410Z",
        "mp3": "https://digitalcupboard.app/Streaming_SSL/Additional_1/4D4DF5DDBE15F438C839865768C32F24039AECFFDEC9B04F7C44320A754A9A0D.mp3?RCType=RCFileProcessor",
        "audioField": "mp3",
        "artwork": "https://digitalcupboard.app/Streaming_SSL/Additional_1/B2C8D2DE9140AA453114B30F5170B83A001C5A03ABE0D9DCAAE562541F0E90FF.jpg?RCType=RCFileProcessor",
        "artworkField": "Artwork::Picture"
      },
      {
        "trackRecordId": "4790",
        "name": "Deborah",
        "albumTitle": "",
        "albumArtist": "Wendy",
        "trackArtist": "Wendy",
        "catalogue": "",
        "addedAt": "2025-10-30T18:08:13.410Z",
        "mp3": "https://digitalcupboard.app/Streaming_SSL/Additional_1/6870F17E00AC3A73DA53F8B223FE395E72247B5C8AD561DF45F16F29AFFDBBBC.mp3?RCType=RCFileProcessor",
        "audioField": "mp3",
        "artwork": "https://digitalcupboard.app/Streaming_SSL/Additional_1/68A310263D7D7D2BD0F1C1DDE7FA09CD2E8873FAE93ACFF4C953A4C22C7E3543.jpg?RCType=RCFileProcessor",
        "artworkField": "Artwork::Picture"
      },
      {
        "trackRecordId": "4611",
        "name": "Lungada Lila",
        "albumTitle": "",
        "albumArtist": "Boeti Simoni",
        "trackArtist": "Boeti Simoni",
        "catalogue": "",
        "addedAt": "2025-10-30T18:08:13.410Z",
        "mp3": "https://digitalcupboard.app/Streaming_SSL/Additional_1/4574FFA1551E7C7E01A6180A685E0D21CE0B84BD9E4ABA9CD61576373FC40FE2.mp3?RCType=RCFileProcessor",
        "audioField": "mp3",
        "artwork": "https://digitalcupboard.app/Streaming_SSL/Additional_1/7A33C20B27534843F8A0B1A4CA4F8F80E85A5153C9D88FD1F2436235678269C8.jpg?RCType=RCFileProcessor",
        "artworkField": "Artwork::Picture"
      },
      {
        "trackRecordId": "3082",
        "name": "Maanlig Vrolikheid",
        "albumTitle": "",
        "albumArtist": "Willa Engelbrecht",
        "trackArtist": "Willa Engelbrecht",
        "catalogue": "",
        "addedAt": "2025-10-30T18:08:13.410Z",
        "mp3": "https://digitalcupboard.app/Streaming_SSL/Additional_1/835452CA0BF005CFECC38784DFE67880F7E8AD238E6C43EBFAFAE2A864A67E17.mp3?RCType=RCFileProcessor",
        "audioField": "mp3"
      },
      {
        "trackRecordId": "3001",
        "name": "Highland Hilda",
        "albumTitle": "",
        "albumArtist": "Gordan Whelen",
        "trackArtist": "Gordan Whelen",
        "catalogue": "",
        "addedAt": "2025-10-30T18:08:13.410Z",
        "mp3": "https://digitalcupboard.app/Streaming_SSL/Additional_1/DDC9D59DD2B720C1D52823C8F9BA6B7D7CBA788B5F30B35A9F52AD88B962ECAD.mp3?RCType=RCFileProcessor",
        "audioField": "mp3",
        "artwork": "https://digitalcupboard.app/Streaming_SSL/Additional_1/C80C8574849A0DBE599FC1B8E2AAE6429DE269A656A29E184CFDCFECE38522E3.jpg?RCType=RCFileProcessor",
        "artworkField": "Artwork::Picture"
      },
      {
        "trackRecordId": "3072",
        "name": "Nobody Pray",
        "albumTitle": "",
        "albumArtist": "Gospel Messengers Quartet",
        "trackArtist": "Gospel Messengers Quartet",
        "catalogue": "",
        "addedAt": "2025-10-30T18:08:13.410Z",
        "mp3": "https://digitalcupboard.app/Streaming_SSL/Additional_1/35D24E3196E4E4DFD181B762F46D03258AD8A95491C7A39E1E36A52C789D1B32.mp3?RCType=RCFileProcessor",
        "audioField": "mp3"
      },
      {
        "trackRecordId": "622",
        "name": "Ntate lefu",
        "albumTitle": "",
        "albumArtist": "Litsoene Tsa Se Romo",
        "trackArtist": "Litsoene Tsa Se Romo",
        "catalogue": "",
        "addedAt": "2025-10-30T18:08:13.410Z",
        "mp3": "https://digitalcupboard.app/Streaming_SSL/Additional_1/80E7E60EF68D24422573E3506B49A509FFF072C51F84DF4F9E0AD28A88B798B8.mp3?RCType=RCFileProcessor",
        "audioField": "mp3",
        "artwork": "https://digitalcupboard.app/Streaming_SSL/Additional_1/0F37C6C85F6A8E8818DFDEA590D3FA329C9BD0BE9B2A1EA8CF7693603482F8BC.jpg?RCType=RCFileProcessor",
        "artworkField": "Artwork::Picture"
      },
      {
        "id": "d15e1766-a848-4a17-b6af-e10a1c83c291",
        "trackRecordId": "8113",
        "name": "Movers Underground",
        "albumTitle": "",
        "albumArtist": "The Movers",
        "catalogue": "NCYN 1000",
        "trackArtist": "The Movers",
        "mp3": "https://digitalcupboard.app/Streaming_SSL/Additional_1/A769304D2FF55CEE75C5C258FBAA3B2B2912A25E0F27069B24E874C17D7733C0.mp3?RCType=RCFileProcessor",
        "resolvedSrc": "/api/container?u=https%3A%2F%2Fdigitalcupboard.app%2FStreaming_SSL%2FAdditional_1%2FA769304D2FF55CEE75C5C258FBAA3B2B2912A25E0F27069B24E874C17D7733C0.mp3%3FRCType%3DRCFileProcessor",
        "seq": null,
        "artwork": "https://digitalcupboard.app/Streaming_SSL/Additional_1/487E1BC5EE91EDF2BA4C7004C4A108D9052BDEE5FD4A321F91EF442EE62A587C.jpg?RCType=RCFileProcessor",
        "audioField": "mp3",
        "artworkField": "Artwork::Picture",
        "addedAt": "2025-11-20T17:57:30.890Z"
      },
      {
        "id": "b78ee1e2-1032-4256-8d10-b16046968244",
        "trackRecordId": "3613",
        "name": "Makgolwa",
        "albumTitle": "",
        "albumArtist": "Danny Mashinini",
        "catalogue": "BL 512",
        "trackArtist": "Danny Mashinini",
        "mp3": "https://digitalcupboard.app/Streaming_SSL/Additional_1/6588624A71712E66442259640CAA0E5173F92659A1BBCF37FED5E539BA2376C8.mp3?RCType=RCFileProcessor",
        "resolvedSrc": "/api/container?u=https%3A%2F%2Fdigitalcupboard.app%2FStreaming_SSL%2FAdditional_1%2F6588624A71712E66442259640CAA0E5173F92659A1BBCF37FED5E539BA2376C8.mp3%3FRCType%3DRCFileProcessor",
        "seq": null,
        "artwork": "https://digitalcupboard.app/Streaming_SSL/Additional_1/FA31DBE9BA5BBA6FB2A2AB595B400543EC83E38BC4A86B951A380B10A950DB73.jpg?RCType=RCFileProcessor",
        "audioField": "mp3",
        "artworkField": "Artwork::Picture",
        "addedAt": "2025-11-27T17:45:19.949Z"
      },
      {
        "id": "3ad8b716-d007-4932-b22b-9948fb5fa85c",
        "trackRecordId": "1290",
        "name": "Maroma",
        "albumTitle": "",
        "albumArtist": "The Times",
        "catalogue": "TUH 10",
        "trackArtist": "The Times",
        "mp3": "https://digitalcupboard.app/Streaming_SSL/Additional_1/B2CD23D35448867E2E7EE9763E1CF642E8D5BBD73E8F937DB00AE0F88F884A50.mp3?RCType=RCFileProcessor",
        "resolvedSrc": "/api/container?u=https%3A%2F%2Fdigitalcupboard.app%2FStreaming_SSL%2FAdditional_1%2FB2CD23D35448867E2E7EE9763E1CF642E8D5BBD73E8F937DB00AE0F88F884A50.mp3%3FRCType%3DRCFileProcessor",
        "seq": null,
        "artwork": "https://digitalcupboard.app/Streaming_SSL/Additional_1/9E56D1DD5F068B16FC840ADD48D0A6BDF937FECDCB9DE032CCD200255E203863.jpg?RCType=RCFileProcessor",
        "audioField": "mp3",
        "artworkField": "Artwork::Picture",
        "addedAt": "2025-11-27T22:42:55.184Z"
      },
      {
        "id": "11a466c4-e506-46d9-98c8-d069a1b5e67a",
        "trackRecordId": "129014",
        "name": "Vha Mbengelani?",
        "albumTitle": "",
        "albumArtist": "Takalani Band",
        "catalogue": "BL BC 360",
        "trackArtist": "Takalani Band",
        "mp3": "https://digitalcupboard.app/Streaming_SSL/Additional_1/6F4FBFFC088D00FF4DE0D55B51A353667268F71C304196673172C8DD4D5AE102.mp3?RCType=RCFileProcessor",
        "resolvedSrc": "/api/container?u=https%3A%2F%2Fdigitalcupboard.app%2FStreaming_SSL%2FAdditional_1%2F6F4FBFFC088D00FF4DE0D55B51A353667268F71C304196673172C8DD4D5AE102.mp3%3FRCType%3DRCFileProcessor",
        "seq": null,
        "artwork": "https://digitalcupboard.app/Streaming_SSL/Additional_1/C4F67D9CF0DE2AA828B98A10F6969414EF9F628FD4B2FC70A2BD6F4D01988869.jpg?RCType=RCFileProcessor",
        "audioField": "mp3",
        "artworkField": "Artwork::Picture",
        "addedAt": "2025-11-28T19:32:08.821Z"
      },
      {
        "id": "6585b6b7-2cb6-424b-b0c7-c5d4c51240a5",
        "trackRecordId": "48100",
        "name": "Herdboy",
        "albumTitle": "",
        "albumArtist": "Nico Carstens",
        "catalogue": "MFP 57038",
        "trackArtist": "Nico Carstens",
        "mp3": "https://digitalcupboard.app/Streaming_SSL/Additional_1/EB2F4B57D524C404042C461154BAB909A8A12ADD778AE17785518F2AFD9B74F9.mp3?RCType=RCFileProcessor",
        "resolvedSrc": "/api/container?u=https%3A%2F%2Fdigitalcupboard.app%2FStreaming_SSL%2FAdditional_1%2FEB2F4B57D524C404042C461154BAB909A8A12ADD778AE17785518F2AFD9B74F9.mp3%3FRCType%3DRCFileProcessor",
        "seq": null,
        "artwork": "https://digitalcupboard.app/Streaming_SSL/Additional_1/00D66DB2FB469CCD4D7FE46D9580E33A83EFF6AE119DF626745B174B28FC544F.png?RCType=RCFileProcessor",
        "audioField": "mp3",
        "artworkField": "Artwork::Picture",
        "addedAt": "2025-11-28T20:53:25.791Z"
      }
    ],
    "createdAt": "2025-10-30T18:08:13.410Z",
    "updatedAt": "2025-11-28T20:53:25.791Z",
    "shareId": "24feb12884b946bba337b96a99ebabeb",
    "sharedAt": "2025-11-20T17:57:53.529Z"
  },
  {
    "id": "175c40f8-54f1-4556-b9bd-87c135c6de78",
    "userId": "4",
    "name": "SWEET SOWETO",
    "tracks": [
      {
        "trackRecordId": "72123",
        "name": "Sweet Soweto",
        "albumTitle": "",
        "albumArtist": "The Minerals",
        "trackArtist": "The Minerals",
        "catalogue": "",
        "addedAt": "2025-11-02T09:33:20.996Z",
        "mp3": "https://digitalcupboard.app/Streaming_SSL/Additional_1/5F84A8173E45B105344A40E94C519695C8B96EB1729E80D0BC55F47A6E7171C0.mp3?RCType=RCFileProcessor",
        "audioField": "mp3",
        "artwork": "https://digitalcupboard.app/Streaming_SSL/Additional_1/7CBCDE010674DDA6686DAA1A4799FFA7CC8BB395EF1846C52C860F4AC69D4D2B.jpg?RCType=RCFileProcessor",
        "artworkField": "Artwork::Picture"
      },
      {
        "trackRecordId": "98817",
        "name": "Wala Imfundo",
        "albumTitle": "",
        "albumArtist": "Disco Brothers",
        "trackArtist": "Disco Brothers",
        "catalogue": "",
        "addedAt": "2025-11-02T09:33:20.996Z",
        "mp3": "https://digitalcupboard.app/Streaming_SSL/Additional_1/0EDA058D0C3BB42CE6E5CED177361FC39FD3ACFCF95456AE2EE7B6977B86D2C8.mp3?RCType=RCFileProcessor",
        "audioField": "mp3",
        "artwork": "https://digitalcupboard.app/Streaming_SSL/Additional_1/514CFA2352B9A823419E9BA1250AF72EB859FE7E7B53279205C685798D8FBD76.jpg?RCType=RCFileProcessor",
        "artworkField": "Artwork::Picture"
      },
      {
        "trackRecordId": "139084",
        "name": "Check The Empties",
        "albumTitle": "",
        "albumArtist": "Sipho Bhengu And The Jets",
        "trackArtist": "Sipho Bhengu And The Jets",
        "catalogue": "",
        "addedAt": "2025-11-02T09:33:20.996Z",
        "mp3": "https://digitalcupboard.app/Streaming_SSL/Additional_1/4B6DA5EFF074CBDA5AB2FE9CAE7575B5E5863BCA7A089927C32C0A49E2E28703.mp3?RCType=RCFileProcessor",
        "audioField": "mp3",
        "artwork": "https://digitalcupboard.app/Streaming_SSL/Additional_1/69866D06A4C63786E5FD11B84B1CF36E3BD2A7B906144786130B636C779B59E0.jpg?RCType=RCFileProcessor",
        "artworkField": "Artwork::Picture"
      },
      {
        "trackRecordId": "117837",
        "name": "Izinduduma",
        "albumTitle": "",
        "albumArtist": "various",
        "trackArtist": "The Cool Guys",
        "catalogue": "",
        "addedAt": "2025-11-02T09:33:20.996Z",
        "mp3": "https://digitalcupboard.app/Streaming_SSL/Additional_1/67A87A2491CF5529040929975775F68A700C33EEB09B846674A61336F47F5654.mp3?RCType=RCFileProcessor",
        "audioField": "mp3",
        "artwork": "https://digitalcupboard.app/Streaming_SSL/Additional_1/F0043F22CE15068C360AD1BBA75486EB3677C9F8C56FE722ECD33287AB627EEF.jpg?RCType=RCFileProcessor",
        "artworkField": "Artwork::Picture"
      },
      {
        "trackRecordId": "111543",
        "name": "Ushadile",
        "albumTitle": "",
        "albumArtist": "Ace Queens",
        "trackArtist": "Ace Queens",
        "catalogue": "",
        "addedAt": "2025-11-02T09:33:20.996Z",
        "mp3": "https://digitalcupboard.app/Streaming_SSL/Additional_1/01ACFAC0F4E92F3A39C8E5AEC6FDF8FF58D9EF39892499FCC25172889EE8199C.mp3?RCType=RCFileProcessor",
        "audioField": "mp3",
        "artwork": "https://digitalcupboard.app/Streaming_SSL/Additional_1/5E6A2AE5C68450DB9BBB77BC7FD7CD1CF8E63C5DEB7560667DF0584463052DD8.png?RCType=RCFileProcessor",
        "artworkField": "Artwork::Picture"
      },
      {
        "trackRecordId": "111539",
        "name": "Hot Beat",
        "albumTitle": "",
        "albumArtist": "Hesia and His Rhythm Cats",
        "trackArtist": "Hesia and His Rhythm Cats",
        "catalogue": "",
        "addedAt": "2025-11-02T09:33:20.996Z",
        "mp3": "https://digitalcupboard.app/Streaming_SSL/Additional_1/F3542419DD9E205269570E52FA32A90E4AFEF6AD8AA81EC23C9398F221AE4B4B.mp3?RCType=RCFileProcessor",
        "audioField": "mp3",
        "artwork": "https://digitalcupboard.app/Streaming_SSL/Additional_1/126956941B15499BCA2CD167247D52E9A52039F735EA68CD21267EB87A319A92.png?RCType=RCFileProcessor",
        "artworkField": "Artwork::Picture"
      },
      {
        "trackRecordId": "133649",
        "name": "Stakaneng Special",
        "albumTitle": "",
        "albumArtist": "Bra Sello",
        "trackArtist": "Bra Sello",
        "catalogue": "",
        "addedAt": "2025-11-02T09:33:20.996Z",
        "mp3": "https://digitalcupboard.app/Streaming_SSL/Additional_1/580A24795CF82DDD90205E1DF130E90AB22439EB016BAB64AECB9E400EB0F2DC.mp3?RCType=RCFileProcessor",
        "audioField": "mp3",
        "artwork": "https://digitalcupboard.app/Streaming_SSL/Additional_1/475829DB58CAB122DBCAD9F2EC7709AE616D366D4FC9A1FC41C0B0A9CEC712DB.jpg?RCType=RCFileProcessor",
        "artworkField": "Artwork::Picture"
      },
      {
        "trackRecordId": "139278",
        "name": "Mashonelo",
        "albumTitle": "",
        "albumArtist": "Alpheus Ramavhela",
        "trackArtist": "Alpheus Ramavhela",
        "catalogue": "",
        "addedAt": "2025-11-02T09:33:20.996Z",
        "mp3": "https://digitalcupboard.app/Streaming_SSL/Additional_1/91E82018616D0F544041378F7ADB75C7BEBCD7B3AC277FC6476C876A7AA8EE01.mp3?RCType=RCFileProcessor",
        "audioField": "mp3",
        "artwork": "https://digitalcupboard.app/Streaming_SSL/Additional_1/6B5A454AA201386262CE02E5F2D7A036230F5D57C8E9670A52FB0BF96A9D464A.jpg?RCType=RCFileProcessor",
        "artworkField": "Artwork::Picture"
      },
      {
        "trackRecordId": "135793",
        "name": "Change Beat",
        "albumTitle": "",
        "albumArtist": "Makgona Tsohle Band",
        "trackArtist": "Makgona Tsohle Band",
        "catalogue": "",
        "addedAt": "2025-11-02T09:33:20.996Z",
        "mp3": "https://digitalcupboard.app/Streaming_SSL/Additional_1/71A27739A1DE4855E9A7FAC983BE620EE713A557F386F8701023B1D14BC7C235.mp3?RCType=RCFileProcessor",
        "audioField": "mp3",
        "artwork": "https://digitalcupboard.app/Streaming_SSL/Additional_1/9298CE94124955AB12BB44D6E80AF491BEF10395421AE25C802D1CE5D29E769A.jpg?RCType=RCFileProcessor",
        "artworkField": "Artwork::Picture"
      },
      {
        "trackRecordId": "35934",
        "name": "Way Back",
        "albumTitle": "",
        "albumArtist": "The Members",
        "trackArtist": "The Members",
        "catalogue": "",
        "addedAt": "2025-11-02T09:33:20.996Z",
        "mp3": "https://digitalcupboard.app/Streaming_SSL/Additional_1/1D54220BD5A023DEA9441A3CB222A845D46A34B81BF14B1E7DA8F82FF7A8AE61.mp3?RCType=RCFileProcessor",
        "audioField": "mp3",
        "artwork": "https://digitalcupboard.app/Streaming_SSL/Additional_1/4A7E2AC0E2DE863C5BAC90C9B22A0B81500872AB9C8BA41F1703F2009FF353BE.jpg?RCType=RCFileProcessor",
        "artworkField": "Artwork::Picture"
      },
      {
        "id": "3cd36c2b-021e-49b1-9736-f530b999d85c",
        "trackRecordId": "3894",
        "name": "Sdudla",
        "albumTitle": "",
        "albumArtist": "Alexandra Souls",
        "catalogue": "HBL 5500",
        "trackArtist": "Alexandra Souls",
        "mp3": "https://digitalcupboard.app/Streaming_SSL/Additional_1/92DE8B7D4A022ED188E8EB827F8E15B9CE96A29A9AFB720938B29F35DDBEB8F0.mp3?RCType=RCFileProcessor",
        "resolvedSrc": "/api/container?u=https%3A%2F%2Fdigitalcupboard.app%2FStreaming_SSL%2FAdditional_1%2F92DE8B7D4A022ED188E8EB827F8E15B9CE96A29A9AFB720938B29F35DDBEB8F0.mp3%3FRCType%3DRCFileProcessor",
        "seq": null,
        "artwork": "https://digitalcupboard.app/Streaming_SSL/Additional_1/666E581280AE952C8E1EA36A462C9940C7D8C4C5C05FEA49285B285ECDA32CAB.jpg?RCType=RCFileProcessor",
        "audioField": "mp3",
        "artworkField": "Artwork::Picture",
        "addedAt": "2025-11-28T09:44:52.280Z"
      }
    ],
    "createdAt": "2025-11-02T09:33:20.996Z",
    "updatedAt": "2025-11-28T09:44:52.280Z"
  },
  {
    "id": "cac27b4c-2a1b-4271-aa35-7d34638a7cad",
    "userId": "4",
    "name": "Afro Hits",
    "tracks": [
      {
        "id": "b33709c9-71a5-40f9-8490-12e4a34a5f33",
        "trackRecordId": "11497",
        "name": "The Leopard",
        "albumTitle": "",
        "albumArtist": "Nyanga",
        "catalogue": "HEDL 5598",
        "trackArtist": "Nyanga",
        "mp3": "https://digitalcupboard.app/Streaming_SSL/Additional_1/6DAA7A04FF24D9E6881C47CEBC8963F14E5A661FDBCD8C49FBF01EFC6A9EE387.mp3?RCType=RCFileProcessor",
        "resolvedSrc": "/api/container?u=https%3A%2F%2Fdigitalcupboard.app%2FStreaming_SSL%2FAdditional_1%2F6DAA7A04FF24D9E6881C47CEBC8963F14E5A661FDBCD8C49FBF01EFC6A9EE387.mp3%3FRCType%3DRCFileProcessor",
        "seq": null,
        "artwork": "https://digitalcupboard.app/Streaming_SSL/Additional_1/3D8DDD229E734BF0253B13C080E1227A8180F25049986371A251FFB662AFBD29.jpg?RCType=RCFileProcessor",
        "audioField": "mp3",
        "artworkField": "Artwork::Picture",
        "addedAt": "2025-11-28T09:56:42.611Z"
      }
    ],
    "createdAt": "2025-11-28T09:56:42.550Z",
    "updatedAt": "2025-11-28T09:56:42.611Z"
  },
  {
    "id": "09938c92-3a7c-4691-b9ff-8a63ca4b6b6f",
    "userId": "1",
    "name": "Namibia",
    "tracks": [
      {
        "id": "7483d932-1188-4cf9-b624-32c4d151d0aa",
        "trackRecordId": "52075",
        "name": "Nguva Yatakamirira",
        "albumTitle": "Nguva Yatakamirira + Yarira Mucherechere",
        "albumArtist": "J. Chataika And The Highway Stars",
        "catalogue": "BZ 43",
        "trackArtist": "J. Chataika and The Highway Stars",
        "mp3": "https://mass-music-audio-files.s3.eu-north-1.amazonaws.com/GMVD3971.mp3",
        "resolvedSrc": "/api/container?u=https%3A%2F%2Fmass-music-audio-files.s3.eu-north-1.amazonaws.com%2FGMVD3971.mp3",
        "seq": null,
        "artwork": "",
        "audioField": "S3_URL",
        "artworkField": "Artwork::Picture",
        "addedAt": "2025-12-04T19:42:16.252Z"
      }
    ],
    "createdAt": "2025-12-04T19:42:15.211Z",
    "updatedAt": "2025-12-04T19:42:16.252Z"
  },
  {
    "id": "68ea8002-794f-4689-aad3-5b632b19516e",
    "userId": "26",
    "name": "Gallo Party1",
    "tracks": [
      {
        "id": "eff5b798-8d2e-4086-a47b-92cde411b583",
        "trackRecordId": "87541",
        "name": "Mind Games",
        "albumTitle": "Fire, Passion, Ecstacy",
        "albumArtist": "Stimela",
        "catalogue": "HUL 513",
        "trackArtist": "Stimela",
        "mp3": "https://mass-music-audio-files.s3.eu-north-1.amazonaws.com/mp3/GMVF45237.mp3",
        "resolvedSrc": "https://mass-music-audio-files.s3.eu-north-1.amazonaws.com/mp3/GMVF45237.mp3",
        "seq": 1,
        "artwork": "https://mass-music-audio-files.s3.eu-north-1.amazonaws.com/artwork/GMVi6571.jpg",
        "audioField": "S3_URL",
        "artworkField": "Tape Files::Artwork_S3_URL",
        "addedAt": "2025-12-07T14:19:19.989Z"
      },
      {
        "id": "70543516-03b2-41b4-afa2-04c911e616b7",
        "trackRecordId": "22164",
        "name": "Palazo, Pt. 2",
        "albumTitle": "Get Down",
        "albumArtist": "Kgotso Rabanye",
        "catalogue": "TIGLP 422",
        "trackArtist": "Kgotso Rabanye",
        "mp3": "https://mass-music-audio-files.s3.eu-north-1.amazonaws.com/mp3/GMVF00772.mp3",
        "resolvedSrc": "https://mass-music-audio-files.s3.eu-north-1.amazonaws.com/mp3/GMVF00772.mp3",
        "seq": 5,
        "artwork": "https://mass-music-audio-files.s3.eu-north-1.amazonaws.com/artwork/GMVi4498.jpg",
        "audioField": "S3_URL",
        "artworkField": "Tape Files::Artwork_S3_URL",
        "addedAt": "2025-12-07T14:19:54.857Z"
      },
      {
        "id": "fbb4179e-6faa-4e27-9d64-8207115bc80a",
        "trackRecordId": "27205",
        "name": "Salitsatsa Ngenhlonipho",
        "albumTitle": "Usobhuza Walitsatsa Ngenhlonipho",
        "albumArtist": "Kakai",
        "catalogue": "BL 359",
        "trackArtist": "Kakai",
        "mp3": "https://mass-music-audio-files.s3.eu-north-1.amazonaws.com/mp3/GMVF03593.mp3",
        "resolvedSrc": "https://mass-music-audio-files.s3.eu-north-1.amazonaws.com/mp3/GMVF03593.mp3",
        "seq": 1,
        "artwork": "https://mass-music-audio-files.s3.eu-north-1.amazonaws.com/artwork/GMVi5054.jpg",
        "audioField": "S3_URL",
        "artworkField": "Tape Files::Artwork_S3_URL",
        "addedAt": "2025-12-07T14:22:12.608Z"
      },
      {
        "id": "7b316e3a-552c-4045-bac6-22b2e92c1789",
        "trackRecordId": "70529",
        "name": "Gravel Road",
        "albumTitle": "single",
        "albumArtist": "The Wild Things",
        "catalogue": "MABC 33253-54",
        "trackArtist": "The Wild Things",
        "mp3": "https://mass-music-audio-files.s3.eu-north-1.amazonaws.com/mp3/GMVF24957.mp3",
        "resolvedSrc": "https://mass-music-audio-files.s3.eu-north-1.amazonaws.com/mp3/GMVF24957.mp3",
        "seq": 1,
        "artwork": "https://mass-music-audio-files.s3.eu-north-1.amazonaws.com/artwork/.jpg",
        "audioField": "S3_URL",
        "artworkField": "Tape Files::Artwork_S3_URL",
        "addedAt": "2025-12-07T14:26:36.220Z"
      }
    ],
    "createdAt": "2025-12-07T14:19:04.720Z",
    "updatedAt": "2025-12-07T14:26:36.220Z"
  },
  {
    "id": "3cad4b6b-be6a-473c-93ed-0d5608a4ac2c",
    "userId": "1",
    "name": "African Jazz",
    "tracks": [
      {
        "id": "baee8b9e-8532-47fc-838a-70781f3cee58",
        "trackRecordId": "79310",
        "name": "Angiboni Kahle",
        "albumTitle": "Angiboni Kahle + Molweni",
        "albumArtist": "Silvertown Brown Bombers",
        "catalogue": "6787-92",
        "trackArtist": "Silvertown Brown Bombers",
        "mp3": "https://mass-music-audio-files.s3.eu-north-1.amazonaws.com/mp3/GMVF39581.mp3",
        "resolvedSrc": "https://mass-music-audio-files.s3.eu-north-1.amazonaws.com/mp3/GMVF39581.mp3",
        "seq": 1,
        "artwork": "https://mass-music-audio-files.s3.eu-north-1.amazonaws.com/artwork/.jpg",
        "audioField": "S3_URL",
        "artworkField": "Tape Files::Artwork_S3_URL",
        "addedAt": "2025-12-20T19:22:12.468Z"
      },
      {
        "id": "ee7e013f-434e-487e-b564-aacb7c3fcef9",
        "trackRecordId": "56275",
        "name": "Isintu",
        "albumTitle": "Jazz Fantasia",
        "albumArtist": "Gideon Nxumalo",
        "catalogue": "NLP 233",
        "trackArtist": "Gideon Nxumalo",
        "mp3": "https://mass-music-audio-files.s3.eu-north-1.amazonaws.com/mp3/GMVD5841.mp3",
        "resolvedSrc": "https://mass-music-audio-files.s3.eu-north-1.amazonaws.com/mp3/GMVD5841.mp3",
        "seq": 2,
        "artwork": "https://mass-music-audio-files.s3.eu-north-1.amazonaws.com/artwork/GMVi3889.jpg",
        "audioField": "S3_URL",
        "artworkField": "Tape Files::Artwork_S3_URL",
        "addedAt": "2026-01-08T20:05:19.173Z"
      },
      {
        "id": "61765e8c-4a24-47ac-a913-469d3fa0e6b9",
        "trackRecordId": "56277",
        "name": "First Movement: The Rat Race",
        "albumTitle": "Jazz Fantasia",
        "albumArtist": "Gideon Nxumalo",
        "catalogue": "NLP 233",
        "trackArtist": "Gideon Nxumalo",
        "mp3": "https://mass-music-audio-files.s3.eu-north-1.amazonaws.com/mp3/GMVD5843.mp3",
        "resolvedSrc": "https://mass-music-audio-files.s3.eu-north-1.amazonaws.com/mp3/GMVD5843.mp3",
        "seq": 4,
        "artwork": "https://mass-music-audio-files.s3.eu-north-1.amazonaws.com/artwork/GMVi3889.jpg",
        "audioField": "S3_URL",
        "artworkField": "Tape Files::Artwork_S3_URL",
        "addedAt": "2026-01-08T20:05:28.746Z"
      },
      {
        "id": "cb7d9731-7ef5-4e1e-903d-8773d7fe2db4",
        "trackRecordId": "10626",
        "name": "Geisha",
        "albumTitle": "Rumours",
        "albumArtist": "SJ6",
        "catalogue": "POLY 4008",
        "trackArtist": "SJ6",
        "mp3": "https://mass-music-audio-files.s3.eu-north-1.amazonaws.com/mp3/GMVE18749.mp3",
        "resolvedSrc": "https://mass-music-audio-files.s3.eu-north-1.amazonaws.com/mp3/GMVE18749.mp3",
        "seq": 1,
        "artwork": "https://mass-music-audio-files.s3.eu-north-1.amazonaws.com/artwork/GMVi4390.jpg",
        "audioField": "S3_URL",
        "artworkField": "Tape Files::Artwork_S3_URL",
        "addedAt": "2026-01-08T20:05:43.036Z"
      }
    ],
    "createdAt": "2025-12-20T19:22:11.414Z",
    "updatedAt": "2026-01-08T20:05:43.036Z"
  }
]